{"timestamps": [1556617070.818105, 1556617091.370706], "initial_reset_timestamp": 1556617045.680229, "episode_types": ["t", "t", "t"], "episode_lengths": [1428, 1229], "episode_rewards": [-20.0, -20.0]}